sample-id	tube-id	homogenization-date	batch	date	ng-ul-1	ng-ul-2	avg-ng-ul	a260-a280-1	a260-a280-2	avg-a260-a280	a260-a230-1	a260-a230-2	avg-a260-a230	status
mtstp_Liu131	mtstpLiu131	06-30-2023	1	07-03-2023	256.5	256.7	256.6	2.15	2.14	2.145	2.35	2.35	2.35	passed
mtstp_5ci26	mtstp5ci26	06-27-2023	3	07-04-2023	230.6	228.3	229.45	2.13	2.13	2.13	2.34	2.35	2.345	passed
mtstp_Eii124	mtstpEii124	06-28-2023	3	07-04-2023	271.1	271.4	271.25	2.12	2.12	2.12	2.34	2.34	2.34	passed
mtstp_5ci28	mtstp5ci28	06-27-2023	4	07-05-2023	165.6	165.5	165.55	2.11	2.12	2.115	2.33	2.33	2.33	passed
mtstp_5iu100	mtstp5iu100	06-27-2023	2	07-03-2023	260.8	262.9	261.85	2.13	2.13	2.13	2.33	2.32	2.325	passed
mtstp_3cu3	mtstp3cu3	06-23-2023	2	07-03-2023	275.9	277.1	276.5	2.13	2.13	2.13	2.31	2.32	2.315	passed
mtstp_Eiu113	mtstpEiu113	06-28-2023	5	07-05-2023	261.5	250.3	255.9	2.13	2.12	2.125	2.32	2.31	2.315	passed
mtstp_Lci57	mtstpLci57	06-30-2023	2	07-03-2023	248.7	247.4	248.05	2.12	2.13	2.125	2.31	2.31	2.31	passed
mtstp_5cu19	mtstp5cu19	06-27-2023	1	07-03-2023	401.9	403.2	402.55	2.14	2.14	2.14	2.3	2.31	2.305	passed
mtstp_5ii108	mtstp5ii108	06-27-2023	1	07-03-2023	374.6	373.3	373.95	2.14	2.13	2.135	2.31	2.3	2.305	passed
mtstp_5cu21	mtstp5cu21	06-27-2023	3	07-04-2023	239	240.1	239.55	2.13	2.13	2.13	2.31	2.3	2.305	passed
mtstp_Eiu114	mtstpEiu114	06-28-2023	1	07-03-2023	372.5	364.1	368.3	2.13	2.12	2.125	2.29	2.28	2.285	passed
mtstp_Eci42	mtstpEci42	06-28-2023	1	07-03-2023	329.7	332.2	330.95	2.12	2.12	2.12	2.28	2.28	2.28	passed
mtstp_Aci73	mtstpAci73	07-01-2023	2	07-03-2023	112.9	112	112.45	2.11	2.12	2.115	2.28	2.28	2.28	passed
mtstp_3ii94	mtstp3ii94	06-23-2023	13	08-10-2023	94.6	95	94.8	2.12	2.12	2.12	2.27	2.26	2.265	passed
mtstp_Lci64	mtstpLci64	06-30-2023	1	07-03-2023	190.5	192.9	191.7	2.12	2.11	2.115	2.26	2.27	2.265	passed
mtstp_Eii122	mtstpEii122	06-28-2023	10	08-07-2023	106.9	107.4	107.15	2.11	2.12	2.115	2.26	2.26	2.26	passed
mtstp_3ci13	mtstp3ci13	06-23-2023	5	07-05-2023	118.5	117.1	117.8	2.12	2.12	2.12	2.25	2.25	2.25	passed
mtstp_Aii155	mtstpAii155	07-01-2023	3	07-04-2023	80	79.6	79.8	2.09	2.11	2.1	2.25	2.22	2.235	passed
mtstp_3ii89	mtstp3ii89	06-23-2023	1	07-03-2023	197.2	198.1	197.65	2.12	2.12	2.12	2.23	2.23	2.23	passed
mtstp_Eii121	mtstpEii121	06-28-2023	1	07-03-2023	218.5	215	216.75	2.11	2.11	2.11	2.23	2.23	2.23	passed
mtstp_Acu68	mtstpAcu68	07-01-2023	9	07-18-2023	62.9	62.9	62.9	2.11	2.12	2.115	2.22	2.23	2.225	passed
mtstp_3ii90	mtstp3ii90	06-23-2023	6	07-07-2023	103.6	104.4	104	2.12	2.13	2.125	2.21	2.22	2.215	passed
mtstp_Aiu149	mtstpAiu149	07-01-2023	2	07-03-2023	205.5	205.6	205.55	2.12	2.13	2.125	2.22	2.21	2.215	passed
mtstp_Liu129	mtstpLiu129	06-30-2023	5	07-05-2023	94.1	93.5	93.8	2.11	2.08	2.095	2.21	2.22	2.215	passed
mtstp_3iu83	mtstp3iu83	06-23-2023	2	07-03-2023	235.9	237.1	236.5	2.13	2.12	2.125	2.21	2.21	2.21	passed
mtstp_Lii141	mtstpLii141	06-30-2023	9	07-18-20223	54.3	55.4	54.85	2.15	2.11	2.13	2.22	2.18	2.2	passed
mtstp_3ci12	mtstp3ci12	06-23-2023	7	07-09-2023	66.1	66.2	66.15	2.11	2.13	2.12	2.2	2.2	2.2	passed
mtstp_3cu5	mtstp3cu5	06-23-2023	4	07-05-2023	132.5	131.6	132.05	2.12	2.12	2.12	2.2	2.2	2.2	passed
mtstp_Lcu52	mtstpLcu52	06-30-2023	13	08-10-2023	148.9	148.5	148.7	2.12	2.12	2.12	2.2	2.2	2.2	passed
mtstp_Eci43	mtstpEci43	06-28-2023	2	07-03-2023	209	211.5	210.25	2.11	2.12	2.115	2.2	2.2	2.2	passed
mtstp_Aii154	mtstpAii154	07-01-2023	6	07-07-2023	69.6	70	69.8	2.14	2.12	2.13	2.19	2.2	2.195	passed
mtstp_5cu18	mtstp5cu18	06-27-2023	5	07-05-2023	145	145.8	145.4	2.12	2.12	2.12	2.19	2.18	2.185	passed
mtstp_3iu81	mtstp3iu81	06-23-2023	4	07-05-2023	122.6	123.1	122.85	2.11	2.12	2.115	2.19	2.18	2.185	passed
mtstp_Ecu36	mtstpEcu36	06-28-2023	6	07-07-2023	154.1	154.1	154.1	2.11	2.12	2.115	2.18	2.19	2.185	passed
mtstp_Aci76	mtstpAci76	07-01-2023	1	07-03-2023	112.1	112.9	112.5	2.13	2.13	2.13	2.18	2.18	2.18	passed
mtstp_3iu82	mtstp3iu82	06-23-2023	12	08-10-2023	98.3	98.4	98.35	2.12	2.12	2.12	2.18	2.18	2.18	passed
mtstp_5ii107	mtstp5ii107	06-27-2023	14	08-11-2023	58.5	58.5	58.5	2.16	2.15	2.155	2.17	2.17	2.17	passed
mtstp_Liu130	mtstpLiu130	06-30-2023	12	08-10-2023	58.5	58.5	58.5	2.11	2.09	2.1	2.18	2.16	2.17	passed
mtstp_Aii157	mtstpAii157	07-01-2023	9	07-18-2023	47.9	48	47.95	2.14	2.15	2.145	2.17	2.16	2.165	passed
mtstp_5ci25	mtstp5ci25	06-27-2023	13	08-10-2023	138.4	138.8	138.6	2.13	2.13	2.13	2.16	2.17	2.165	passed
mtstp_Acu69	mtstpAcu69	07-01-2023	2	07-03-2023	111.1	111.2	111.15	2.13	2.12	2.125	2.18	2.15	2.165	passed
mtstp_Lii137	mtstpLii137	06-30-2023	9	07-18-2023	104.8	106	105.4	2.14	2.13	2.135	2.16	2.16	2.16	passed
mtstp_3cu2	mtstp3cu2	06-23-2023	6	07-07-2023	63.6	63.2	63.4	2.14	2.13	2.135	2.16	2.15	2.155	passed
mtstp_5ci29	mtstp5ci29	06-27-2023	6	07-07-2023	120.1	120.2	120.15	2.13	2.14	2.135	2.15	2.16	2.155	passed
mtstp_5cu17	mtstp5cu17	06-27-2023	2	07-03-2023	231.8	233.8	232.8	2.13	2.13	2.13	2.14	2.15	2.145	passed
mtstp_3ci11	mtstp3ci11	06-23-2023	1	07-03-2023	171.9	173.2	172.55	2.12	2.12	2.12	2.14	2.15	2.145	passed
mtstp_Eiu117	mtstpEiu117	06-28-2023	3	07-04-2023	220.8	220.7	220.75	2.12	2.12	2.12	2.14	2.14	2.14	passed
mtstp_5iu97	mtstp5iu97	06-27-2023	11	08-09-2023	79.1	79.2	79.15	2.1	2.1	2.1	2.12	2.16	2.14	passed
mtstp_Acu65	mtstpAcu65	07-01-2023	10	08-07-2023	70.9	70.8	70.85	2.12	2.12	2.12	2.12	2.14	2.13	passed
mtstp_3iu84	mtstp3iu84	06-23-2023	12	08-10-2023	102.9	103.2	103.05	2.12	2.11	2.115	2.12	2.13	2.125	passed
mtstp_Lci60	mtstpLci60	06-30-2023	4	07-05-2023	91.8	91.9	91.85	2.1	2.1	2.1	2.13	2.12	2.125	passed
mtstp_Ecu38	mtstpEcu38	06-28-2023	10	08-07-2023	136.4	137.2	136.8	2.12	2.11	2.115	2.12	2.12	2.12	passed
mtstp_Aiu147	mtstpAiu147	07-01-2023	13	08-10-2023	39.5	39.5	39.5	2.13	2.1	2.115	2.09	2.1	2.095	passed
mtstp_Aii153	mtstpAii153	07-01-2023	12	08-10-2023	54.5	54.4	54.45	2.08	2.1	2.09	2.1	2.09	2.095	passed
mtstp_Aci77	mtstpAci77	07-01-2023	10	08-07-2023	51.1	51.4	51.25	2.14	2.12	2.13	2.09	2.09	2.09	passed
mtstp_3cu4	mtstp3cu4	06-23-2023	13	08-10-2023	64.5	64.5	64.5	2.12	2.11	2.115	2.08	2.09	2.085	passed
mtstp_Eci45	mtstpEci45	06-28-2023	4	07-05-2023	188.2	189.9	189.05	2.12	2.11	2.115	2.08	2.09	2.085	passed
mtstp_Eiu115	mtstpEiu115	06-28-2023	10	08-07-2023	115	115.6	115.3	2.11	2.1	2.105	2.08	2.09	2.085	passed
mtstp_Ecu35	mtstpEcu35	06-28-2023	2	07-03-2023	367.8	362.7	365.25	2.13	2.13	2.13	2.07	2.07	2.07	passed
mtstp_Eci44	mtstpEci44	06-28-2023	12	08-10-2023	126.3	125.3	125.8	2.1	2.1	2.1	2.07	2.07	2.07	passed
mtstp_3ii92	mtstp3ii92	06-23-2023	3	07-04-2023	155.9	156.7	156.3	2.13	2.12	2.125	2.07	2.06	2.065	passed
mtstp_Ecu34	mtstpEcu34	06-28-2023	5	07-05-2023	143.7	142.3	143	2.11	2.11	2.11	2.07	2.06	2.065	passed
mtstp_5iu98	mtstp5iu98	06-27-2023	4	07-05-2023	166.3	165.5	165.9	2.12	2.12	2.12	2.06	2.06	2.06	passed
mtstp_Lcu53	mtstpLcu53	06-30-2023	12	08-10-2023	57.1	57.3	57.2	2.11	2.08	2.095	2.07	2.05	2.06	passed
mtstp_5iu99	mtstp5iu99	06-27-2023	11	08-09-2023	73.1	72.8	72.95	2.12	2.1	2.11	2.06	2.04	2.05	passed
mtstp_Eii123	mtstpEii123	06-28-2023	6	07-07-2023	140.1	140.9	140.5	2.11	2.13	2.12	2.02	2.06	2.04	passed
mtstp_Eci41	mtstpEci41	06-28-2023	14	08-11-2023	74.5	74.2	74.35	2.14	2.13	2.135	2.04	2.03	2.035	passed
mtstp_3ci10	mtstp3ci10	06-23-2023	14	08-11-2023	54.1	54.8	54.45	2.13	2.11	2.12	2.04	2.03	2.035	passed
mtstp_Aiu148	mtstpAiu148	07-01-2023	9	07-18-2023	52.3	52	52.15	2.11	2.16	2.135	1.99	2.06	2.025	passed
mtstp_3cu8	mtstp3cu8	06-23-2023	13	08-10-2023	56.3	56.5	56.4	2.13	2.13	2.13	2.02	2.03	2.025	passed
mtstp_Lii138	mtstpLii138	06-30-2023	3	07-04-2023	139.3	139.3	139.3	2.11	2.11	2.11	2.02	2.03	2.025	passed
mtstp_Aiu146	mtstpAiu146	07-01-2023	1	07-03-2023	153.8	155.1	154.45	2.11	2.12	2.115	2.02	2.01	2.015	passed
mtstp_Acu67	mtstpAcu67	07-01-2023	9	07-18-2023	25.4	25	25.2	2.12	2.15	2.135	2.01	2.01	2.01	passed
mtstp_Acu66	mtstpAcu66	07-01-2023	9	07-18-20223	58.4	58.5	58.45	2.11	2.15	2.13	2.01	2.01	2.01	passed
mtstp_Lci58	mtstpLci58	06-30-2023	10	08-07-2023	124.2	124.8	124.5	2.13	2.12	2.125	2.02	2	2.01	passed
mtstp_Lcu56	mtstpLcu56	06-30-2023	2	07-03-2023	289.1	229.8	259.45	2.15	2.11	2.13	2.02	1.98	2	passed
mtstp_5ii105	mtstp5ii105	06-27-2023	5	07-05-2023	146.2	145.3	145.75	2.12	2.12	2.12	2	2	2	passed
mtstp_Eiu116	mtstpEiu116	06-28-2023	10	08-07-2023	160.2	160.2	160.2	2.13	2.12	2.125	1.99	1.98	1.985	passed
mtstp_5ii112	mtstp5ii112	06-27-2023	13	08-10-2023	103.6	103.7	103.65	2.12	2.13	2.125	1.97	1.98	1.975	passed
mtstp_Lii140	mtstpLii140	06-30-2023	7	07-09-2023	59.1	59	59.05	2.09	2.1	2.095	1.98	1.97	1.975	passed
mtstp_3ci9	mtstp3ci9	06-23-2023	3	07-04-2023	222	223.2	222.6	2.13	2.13	2.13	1.97	1.97	1.97	passed
mtstp_Aci74	mtstpAci74	07-01-2023	5	07-05-2023	61.6	61.7	61.65	2.09	2.11	2.1	1.96	1.97	1.965	passed
mtstp_Lcu49	mtstpLcu49	06-30-2023	5	07-05-2023	54.8	55.2	55	2.1	2.1	2.1	1.96	1.96	1.96	passed
mtstp_Aiu145	mtstpAiu145	07-01-2023	13	08-10-2023	79.5	80.2	79.85	2.15	2.11	2.13	1.95	1.95	1.95	passed
mtstp_Liu135	mtstpLiu135	06-30-2023	14	08-11-2023	64	64.5	64.25	2.14	2.12	2.13	1.94	1.94	1.94	failed
mtstp_3ii91	mtstp3ii91	06-23-2023	5	07-05-2023	78.4	77.8	78.1	2.1	2.11	2.105	1.9	1.91	1.905	failed
mtstp_Ecu33	mtstpEcu33	06-28-2023	14	08-11-2023	113.7	113.9	113.8	2.12	2.14	2.13	1.9	1.9	1.9	failed
mtstp_Lii144	mtstpLii144	06-30-2023	3	07-04-2023	142.4	143.2	142.8	2.12	2.1	2.11	1.86	1.85	1.855	failed
mtstp_5ci27	mtstp5ci27	06-27-2023	13	08-10-2023	70.3	70.5	70.4	2.13	2.11	2.12	1.83	1.83	1.83	failed
mtstp_5ii109	mtstp5ii109	06-27-2023	14	08-11-2023	29.6	29.4	29.5	2.09	2.13	2.11	1.77	1.79	1.78	failed
mtstp_Lci61	mtstpLci61	06-30-2023	14	08-11-2023	19.9	19.7	19.8	2.14	2.18	2.16	1.69	1.68	1.685	failed
mtstp_Lcu50	mtstpLcu50	06-30-2023	7	07-09-2023	38.2	39	38.6	2.09	2.13	2.11	1.66	1.69	1.675	failed
mtstp_Liu133	mtstpLiu133	06-30-2023	14	08-11-2023	36.3	36.8	36.55	2.12	2.15	2.135	1.66	1.67	1.665	failed
mtstp_5cu20	mtstp5cu20	06-27-2023	7	07-09-2023	77.9	77.8	77.85	2.11	2.11	2.11	1.62	1.62	1.62	failed
mtstp_3iu85	mtstp3iu85	06-27-2023	4	07-05-2023	108	109.2	108.6	2.13	2.12	2.125	1.58	1.57	1.575	failed
mtstp_Eii125	mtstpEii125	06-28-2023	14	08-11-2023	56.9	57	56.95	2.14	2.13	2.135	1.54	1.53	1.535	failed
mtstp_Aii156	mtstpAii156	07-01-2023	14	08-11-2023	19.3	19.6	19.45	2.26	2.19	2.225	0.99	1	0.995	failed
mtstp_5iu101	mtstp5iu101	06-27-2023	14	08-11-2023	29.9	29.7	29.8	2.17	2.22	2.195	0.87	0.87	0.87	failed
mtstp_Aci75	mtstpAci75	07-01-2023	7	07-09-2023	15.6	15.5	15.55	2.08	2.01	2.045	0.65	0.64	0.645	failed
batch12_negative	NA	NA	12	08-10-2023	0.1	0.3	0.2	0.16	0.59	0.375	0.01	0.05	0.03	NA
batch13_negative	NA	NA	13	08-10-2023	0.6	0.1	0.35	3.06	1.32	2.19	0.03	0	0.015	NA
batch1_negative	NA	NA	1	07-03-2023	-0.1	0	-0.05	-0.31	-0.14	-0.225	-0.01	0	-0.005	NA
batch5_negative	NA	NA	5	07-05-2023	-0.5	-0.3	-0.4	-3.63	3.77	0.07	-0.04	-0.02	-0.03	NA
batch7_negative	NA	NA	7	07-09-2023	-0.7	-0.6	-0.65	3.94	2.6	3.27	-0.04	-0.04	-0.04	NA
batch6_negative	NA	NA	6	07-07-2023	-0.6	-0.6	-0.6	0.64	1.08	0.86	-0.04	-0.04	-0.04	NA
batch3_negative	NA	NA	3	07-04-2023	-0.2	-0.5	-0.35	7.54	3.27	5.405	-0.02	-0.07	-0.045	NA
batch10_negative	NA	NA	10	08-07-2023	-0.1	-0.6	-0.35	0.39	2.26	1.325	-0.01	-0.18	-0.095	NA
batch2_negative	NA	NA	2	07-03-2023	-0.3	-0.3	-0.3	2	1.68	1.84	-0.1	-0.16	-0.13	NA
batch11_negative	NA	NA	11	08-09-2023	-0.4	-0.7	-0.55	-6.46	-7.53	-6.995	-0.12	-0.16	-0.14	NA
batch9_negative	NA	NA	9	07-18-2023	-0.3	-0.5	-0.4	0.92	2.26	1.59	-0.09	-0.21	-0.15	NA
batch14_negative	NA	NA	14	08-11-2023	-0.5	-0.6	-0.55	0.79	0.62	0.705	-0.19	-0.21	-0.2	NA
batch4_negative	NA	NA	4	07-05-2023	-1	-1.1	-1.05	3.03	1.59	2.31	-0.4	-0.46	-0.43	NA
